Workbook

Sheet מעקב מתעניינים
A1: 📋 מעקב מתעניינים — דירה אחי אילת 5
A2: # | B2: תאריך | C2: שם | D2: טלפון | E2: מקור | F2: סטטוס | G2: תאריך ביקור | H2: הערות
A3: =IF(C3<>"",ROW()-2,"") | B3: =IF(C3<>"",IF(B3="",TODAY(),B3),"") | C3: יוסי כהן | D3: 052-1234567 | E3: Meta Ads | F3: דיברנו | H3: מתעניין ב-2 חדרים, שאל על חיות
A4: =IF(C4<>"",ROW()-2,"") | B4: =IF(C4<>"",IF(B4="",TODAY(),B4),"") | C4: מיכל לוי | D4: 054-9876543 | E4: פייסבוק | F4: ביקור נקבע | H4: רוצה לראות ביום חמישי
A5: =IF(C5<>"",ROW()-2,"") | B5: =IF(C5<>"",IF(B5="",TODAY(),B5),"") | C5: אחמד חסן | D5: 050-5551234 | E5: יד2 | F5: פנייה חדשה | H5: התקשר, לחזור אליו
A6: =IF(C6<>"",ROW()-2,"") | B6: =IF(C6<>"",IF(B6="",TODAY(),B6),"")
A7: =IF(C7<>"",ROW()-2,"") | B7: =IF(C7<>"",IF(B7="",TODAY(),B7),"")
A8: =IF(C8<>"",ROW()-2,"") | B8: =IF(C8<>"",IF(B8="",TODAY(),B8),"")
A9: =IF(C9<>"",ROW()-2,"") | B9: =IF(C9<>"",IF(B9="",TODAY(),B9),"")
A10: =IF(C10<>"",ROW()-2,"") | B10: =IF(C10<>"",IF(B10="",TODAY(),B10),"")
A11: =IF(C11<>"",ROW()-2,"") | B11: =IF(C11<>"",IF(B11="",TODAY(),B11),"")
A12: =IF(C12<>"",ROW()-2,"") | B12: =IF(C12<>"",IF(B12="",TODAY(),B12),"")
A13: =IF(C13<>"",ROW()-2,"") | B13: =IF(C13<>"",IF(B13="",TODAY(),B13),"")
A14: =IF(C14<>"",ROW()-2,"") | B14: =IF(C14<>"",IF(B14="",TODAY(),B14),"")
A15: =IF(C15<>"",ROW()-2,"") | B15: =IF(C15<>"",IF(B15="",TODAY(),B15),"")
A16: =IF(C16<>"",ROW()-2,"") | B16: =IF(C16<>"",IF(B16="",TODAY(),B16),"")
A17: =IF(C17<>"",ROW()-2,"") | B17: =IF(C17<>"",IF(B17="",TODAY(),B17),"")
... A52: =IF(C52<>"",ROW()-2,"") | B52: =IF(C52<>"",IF(B52="",TODAY(),B52),"")

Sheet דשבורד
A1: 📊 דשבורד מעקב — דירה אחי אילת 5
A3: סה"כ פניות | B3: =COUNTA('מעקב מתעניינים'!C3:C52) | C3: סגרנו חוזה | D3: =COUNTIF('מעקב מתעניינים'!F3:F52,"סגרנו חוזה")
A5: 📈 פילוח לפי סטטוס | E5: 🎯 משפך המרה
A6: סטטוס | B6: כמות | C6: אחוז | E6: שלב | F6: כמות
A7: פנייה חדשה | B7: =COUNTIF('מעקב מתעניינים'!F3:F52,A7) | C7: =IF(B$3>0,B7/B$3,"") | E7: סה"כ פניות | F7: =B3
A8: דיברנו | B8: =COUNTIF('מעקב מתעניינים'!F3:F52,A8) | C8: =IF(B$3>0,B8/B$3,"") | E8: דיברנו+ | F8: =COUNTIFS('מעקב מתעניינים'!F3:F52,"<>פנייה חדשה",'מעקב מתעניינים'!F3:F52,"<>לא ענה",'מעקב מתעניינים'!F3:F52,"<>")
A9: ביקור נקבע | B9: =COUNTIF('מעקב מתעניינים'!F3:F52,A9) | C9: =IF(B$3>0,B9/B$3,"") | E9: ביקרו | F9: =COUNTIF('מעקב מתעניינים'!F3:F52,"ביקר")+COUNTIF('מעקב מתעניינים'!F3:F52,"מעוניין")+COUNTIF('מעקב מתעניינים'!F3:F52,"סגרנו חוזה")
A10: ביקר | B10: =COUNTIF('מעקב מתעניינים'!F3:F52,A10) | C10: =IF(B$3>0,B10/B$3,"") | E10: סגרנו | F10: =COUNTIF('מעקב מתעניינים'!F3:F52,"סגרנו חוזה")
A11: מעוניין | B11: =COUNTIF('מעקב מתעניינים'!F3:F52,A11) | C11: =IF(B$3>0,B11/B$3,"")
A12: סגרנו חוזה | B12: =COUNTIF('מעקב מתעניינים'!F3:F52,A12) | C12: =IF(B$3>0,B12/B$3,"") | E12: עודכן לאחרונה: | F12: =TODAY()
A13: לא מתאים | B13: =COUNTIF('מעקב מתעניינים'!F3:F52,A13) | C13: =IF(B$3>0,B13/B$3,"")
A14: לא ענה | B14: =COUNTIF('מעקב מתעניינים'!F3:F52,A14) | C14: =IF(B$3>0,B14/B$3,"")
A17: 📡 פילוח לפי מקור
A18: מקור | B18: כמות | C18: אחוז
A19: יד2 | B19: =COUNTIF('מעקב מתעניינים'!E3:E52,A19) | C19: =IF(B$3>0,B19/B$3,"")
A20: מדלן | B20: =COUNTIF('מעקב מתעניינים'!E3:E52,A20) | C20: =IF(B$3>0,B20/B$3,"")
A21: פייסבוק | B21: =COUNTIF('מעקב מתעניינים'!E3:E52,A21) | C21: =IF(B$3>0,B21/B$3,"")
A22: וואטסאפ | B22: =COUNTIF('מעקב מתעניינים'!E3:E52,A22) | C22: =IF(B$3>0,B22/B$3,"")
A23: Meta Ads | B23: =COUNTIF('מעקב מתעניינים'!E3:E52,A23) | C23: =IF(B$3>0,B23/B$3,"")
A24: הומלס | B24: =COUNTIF('מעקב מתעניינים'!E3:E52,A24) | C24: =IF(B$3>0,B24/B$3,"")
A25: OnMap | B25: =COUNTIF('מעקב מתעניינים'!E3:E52,A25) | C25: =IF(B$3>0,B25/B$3,"")
A26: טלפון ישיר | B26: =COUNTIF('מעקב מתעניינים'!E3:E52,A26) | C26: =IF(B$3>0,B26/B$3,"")
A27: אחר | B27: =COUNTIF('מעקב מתעניינים'!E3:E52,A27) | C27: =IF(B$3>0,B27/B$3,"")
